"cofid_code","poore_product"
"11-016","Wheat & Rye (Bread)"
"11-021","Wheat & Rye (Bread)"
"11-1000","Onions & Leeks"
"11-1001","Wheat & Rye (Bread)"
"11-1003","Wheat & Rye (Bread)"
"11-1004","Wheat & Rye (Bread)"
"11-1006","Wheat & Rye (Bread)"
"11-1011","Fish (farmed)"
"11-1012","Poultry Meat"
"11-1013","Pig Meat"
"11-1024","Apples"
"11-1025","Apples"
"11-1026","Apples"
"11-1027","Apples"
"11-1029","Wheat & Rye (Bread)"
"11-1037","Wheat & Rye (Bread)"
"11-1038","Wheat & Rye (Bread)"
"11-1045","Wheat & Rye (Bread)"
"11-1055","Apples"
"11-1060","Oatmeal"
"11-1091","Milk"
"11-1096","Eggs"
"11-1102","Milk"
"11-1103","Milk"
"11-1106","Milk"
"11-1108","Milk"
"11-1112","Cheese"
"11-1113","Potatoes"
"11-1117","Wheat & Rye (Bread)"
"11-1125","Wheat & Rye (Bread)"
"11-1129","Wheat & Rye (Bread)"
"11-1135","Milk"
"11-1136","Wheat & Rye (Bread)"
"11-1137","Wheat & Rye (Bread)"
"11-1141","Milk"
"11-1142","Milk"
"11-1143","Milk"
"11-1144","Wheat & Rye (Bread)"
"11-1145","Wheat & Rye (Bread)"
"11-1146","Milk"
"11-444","Eggs"
"11-450","Wheat & Rye (Bread)"
"11-462","Wheat & Rye (Bread)"
"11-715","Eggs"
"11-716","Wheat & Rye (Bread)"
"11-717","Wheat & Rye (Bread)"
"11-718","Wheat & Rye (Bread)"
"11-719","Eggs"
"11-720","Wheat & Rye (Bread)"
"11-721","Wheat & Rye (Bread)"
"11-722","Wheat & Rye (Bread)"
"11-723","Wheat & Rye (Bread)"
"11-724","Eggs"
"11-726","Eggs"
"11-727","Eggs"
"11-728","Cheese"
"11-729","Cheese"
"11-730","Eggs"
"11-731","Cheese"
"11-732","Eggs"
"11-734","Wheat & Rye (Bread)"
"11-735","Wheat & Rye (Bread)"
"11-736","Wheat & Rye (Bread)"
"11-756","Wheat & Rye (Bread)"
"11-757","Wheat & Rye (Bread)"
"11-761","Wheat & Rye (Bread)"
"11-762","Wheat & Rye (Bread)"
"11-773","Wheat & Rye (Bread)"
"11-774","Wheat & Rye (Bread)"
"11-775","Wheat & Rye (Bread)"
"11-777","Wheat & Rye (Bread)"
"11-778","Wheat & Rye (Bread)"
"11-781","Cane Sugar"
"11-789","Milk"
"11-792","Oatmeal"
"11-793","Milk"
"11-795","Milk"
"11-821","Cheese"
"11-824","Cheese"
"11-880","Bovine Meat (beef herd)"
"11-881","Bovine Meat (beef herd)"
"11-885","Eggs"
"11-886","Wheat & Rye (Bread)"
"11-887","Wheat & Rye (Bread)"
"11-888","Wheat & Rye (Bread)"
"11-889","Wheat & Rye (Bread)"
"11-890","Wheat & Rye (Bread)"
"11-891","Wheat & Rye (Bread)"
"11-892","Wheat & Rye (Bread)"
"11-893","Wheat & Rye (Bread)"
"11-894","Wheat & Rye (Bread)"
"11-895","Wheat & Rye (Bread)"
"11-896","Wheat & Rye (Bread)"
"11-897","Wheat & Rye (Bread)"
"11-898","Wheat & Rye (Bread)"
"11-899","Cassava"
"11-904","Wheat & Rye (Bread)"
"11-906","Wheat & Rye (Bread)"
"11-910","Wheat & Rye (Bread)"
"11-920","Apples"
"11-921","Apples"
"11-923","Wheat & Rye (Bread)"
"11-925","Wheat & Rye (Bread)"
"11-936","Cheese"
"11-937","Wheat & Rye (Bread)"
"11-941","Eggs"
"11-942","Eggs"
"11-947","Wheat & Rye (Bread)"
"11-951","Wheat & Rye (Bread)"
"11-954","Cheese"
"11-955","Pig Meat"
"11-959","Milk"
"11-960","Milk"
"11-963","Cheese"
"11-964","Poultry Meat"
"11-965","Pig Meat"
"11-966","Eggs"
"11-967","Wheat & Rye (Bread)"
"11-969","Wheat & Rye (Bread)"
"11-971","Wheat & Rye (Bread)"
"11-972","Wheat & Rye (Bread)"
"11-973","Wheat & Rye (Bread)"
"11-974","Wheat & Rye (Bread)"
"11-975","Wheat & Rye (Bread)"
"11-976","Wheat & Rye (Bread)"
"11-977","Wheat & Rye (Bread)"
"11-978","Wheat & Rye (Bread)"
"11-979","Wheat & Rye (Bread)"
"11-980","Wheat & Rye (Bread)"
"11-981","Wheat & Rye (Bread)"
"11-982","Wheat & Rye (Bread)"
"11-983","Wheat & Rye (Bread)"
"11-984","Wheat & Rye (Bread)"
"11-985","Wheat & Rye (Bread)"
"11-986","Wheat & Rye (Bread)"
"11-992","Cheese"
"11-995","Cheese"
"11-997","Cheese"
"12-038","Milk"
"12-039","Milk"
"12-132","Cheese"
"12-152","Cheese"
"12-164","Cheese"
"12-173","Cheese"
"12-174","Cheese"
"12-175","Cheese"
"12-176","Cheese"
"12-177","Cheese"
"12-178","Cheese"
"12-181","Cheese"
"12-184","Milk"
"12-240","Milk"
"12-307","Milk"
"12-308","Milk"
"12-309","Milk"
"12-313","Milk"
"12-314","Milk"
"12-320","Milk"
"12-321","Milk"
"12-322","Milk"
"12-323","Milk"
"12-324","Milk"
"12-326","Milk"
"12-328","Milk"
"12-329","Milk"
"12-344","Cheese"
"12-345","Cheese"
"12-346","Cheese"
"12-348","Cheese"
"12-354","Cheese"
"12-355","Cheese"
"12-357","Cheese"
"12-358","Cheese"
"12-360","Cheese"
"12-367","Cheese"
"12-368","Cheese"
"12-375","Milk"
"12-418","Milk"
"12-419","Milk"
"12-485","Cheese"
"12-486","Cheese"
"12-487","Cheese"
"12-488","Cheese"
"12-489","Cheese"
"12-490","Cheese"
"12-491","Cheese"
"12-492","Cheese"
"12-493","Cheese"
"12-494","Cheese"
"12-495","Cheese"
"12-496","Cheese"
"12-498","Olive Oil"
"12-505","Olive Oil"
"12-512","Milk"
"12-513","Milk"
"12-514","Milk"
"12-515","Milk"
"12-516","Cane Sugar"
"12-519","Milk"
"12-520","Milk"
"12-521","Milk"
"12-522","Milk"
"12-523","Milk"
"12-524","Milk"
"12-525","Cheese"
"12-526","Cheese"
"12-527","Cheese"
"12-530","Milk"
"12-531","Milk"
"12-535","Milk"
"12-536","Milk"
"12-537","Cheese"
"12-538","Cheese"
"12-539","Cheese"
"12-540","Cheese"
"12-541","Cheese"
"12-548","Cheese"
"12-549","Cheese"
"12-550","Cheese"
"12-551","Cheese"
"12-554","Milk"
"12-556","Bananas"
"12-560","Cheese"
"12-561","Cheese"
"12-563","Milk"
"12-564","Milk"
"12-565","Milk"
"12-568","Milk"
"12-569","Milk"
"12-570","Milk"
"12-573","Eggs"
"12-574","Milk"
"12-575","Milk"
"12-583","Milk"
"12-584","Milk"
"12-589","Milk"
"12-590","Milk"
"12-591","Milk"
"12-593","Cheese"
"12-595","Wheat & Rye (Bread)"
"12-596","Milk"
"12-597","Milk"
"12-598","Milk"
"12-604","Cheese"
"12-607","Milk"
"12-608","Milk"
"12-814","Eggs"
"12-815","Eggs"
"12-816","Poultry Meat"
"12-920","Eggs"
"12-937","Poultry Meat"
"12-938","Poultry Meat"
"12-939","Poultry Meat"
"12-940","Poultry Meat"
"12-941","Poultry Meat"
"12-942","Poultry Meat"
"12-943","Poultry Meat"
"12-944","Poultry Meat"
"12-945","Poultry Meat"
"12-947","Cheese"
"12-948","Cheese"
"12-950","Eggs"
"12-958","Cheese"
"12-960","Poultry Meat"
"12-961","Poultry Meat"
"12-962","Poultry Meat"
"12-963","Poultry Meat"
"13-024","Potatoes"
"13-025","Potatoes"
"13-026","Potatoes"
"13-027","Potatoes"
"13-038","Potatoes"
"13-143","Cane Sugar"
"13-208","Cassava"
"13-209","Cassava"
"13-210","Cassava"
"13-211","Cassava"
"13-212","Cassava"
"13-244","Onions & Leeks"
"13-382","Tomatoes"
"13-463","Potatoes"
"13-483","Potatoes"
"13-485","Potatoes"
"13-486","Potatoes"
"13-487","Potatoes"
"13-488","Potatoes"
"13-489","Potatoes"
"13-490","Potatoes"
"13-491","Potatoes"
"13-492","Potatoes"
"13-493","Potatoes"
"13-494","Potatoes"
"13-495","Potatoes"
"13-501","Sunflower Oil"
"13-507","Rapeseed Oil"
"13-531","Tomatoes"
"13-532","Tomatoes"
"13-533","Potatoes"
"13-534","Potatoes"
"13-535","Cane Sugar"
"13-553","Potatoes"
"13-554","Potatoes"
"13-555","Potatoes"
"13-557","Potatoes"
"13-558","Potatoes"
"13-566","Potatoes"
"13-567","Rapeseed Oil"
"13-569","Rapeseed Oil"
"13-577","Rapeseed Oil"
"13-579","Pig Meat"
"13-587","Rapeseed Oil"
"13-591","Rapeseed Oil"
"13-594","Cane Sugar"
"13-595","Potatoes"
"13-596","Potatoes"
"13-597","Potatoes"
"13-598","Potatoes"
"13-599","Potatoes"
"13-600","Potatoes"
"13-602","Rapeseed Oil"
"13-604","Rapeseed Oil"
"13-605","Potatoes"
"13-610","Potatoes"
"13-612","Potatoes"
"13-613","Bovine Meat (beef herd)"
"13-614","Potatoes"
"13-615","Milk"
"13-616","Milk"
"13-617","Milk"
"13-618","Potatoes"
"13-619","Potatoes"
"13-620","Potatoes"
"13-621","Potatoes"
"13-626","Rapeseed Oil"
"13-629","Rapeseed Oil"
"13-632","Rapeseed Oil"
"13-635","Rapeseed Oil"
"13-640","Rapeseed Oil"
"13-642","Rapeseed Oil"
"13-646","Potatoes"
"13-647","Potatoes"
"13-669","Rapeseed Oil"
"13-671","Potatoes"
"13-672","Potatoes"
"13-830","Onions & Leeks"
"14-027","Cane Sugar"
"14-028","Cane Sugar"
"14-029","Cane Sugar"
"14-030","Cane Sugar"
"14-032","Cane Sugar"
"14-033","Cane Sugar"
"14-049","Cane Sugar"
"14-050","Cane Sugar"
"14-054","Cane Sugar"
"14-055","Cane Sugar"
"14-063","Cane Sugar"
"14-064","Cane Sugar"
"14-065","Cane Sugar"
"14-066","Cane Sugar"
"14-075","Apples"
"14-076","Cane Sugar"
"14-079","Cane Sugar"
"14-080","Cane Sugar"
"14-081","Cane Sugar"
"14-082","Cane Sugar"
"14-093","Cane Sugar"
"14-094","Cane Sugar"
"14-101","Cane Sugar"
"14-102","Cane Sugar"
"14-113","Cane Sugar"
"14-114","Cane Sugar"
"14-115","Cane Sugar"
"14-116","Cane Sugar"
"14-134","Cane Sugar"
"14-135","Cane Sugar"
"14-145","Apples"
"14-169","Cane Sugar"
"14-170","Cane Sugar"
"14-222","Cane Sugar"
"14-223","Cane Sugar"
"14-233","Cane Sugar"
"14-234","Cane Sugar"
"14-235","Cane Sugar"
"14-236","Cane Sugar"
"14-245","Cane Sugar"
"14-246","Cane Sugar"
"14-250","Cane Sugar"
"14-251","Cane Sugar"
"14-253","Cane Sugar"
"14-269","Cane Sugar"
"14-270","Cane Sugar"
"14-272","Apples"
"14-314","Cane Sugar"
"14-315","Cane Sugar"
"14-316","Cane Sugar"
"14-317","Cane Sugar"
"14-320","Cane Sugar"
"14-331","Apples"
"14-332","Cane Sugar"
"14-342","Cane Sugar"
"14-343","Cane Sugar"
"14-344","Cane Sugar"
"14-345","Cane Sugar"
"14-349","Cane Sugar"
"14-364","Cane Sugar"
"14-367","Cane Sugar"
"14-368","Cane Sugar"
"14-389","Cane Sugar"
"14-820","Milk"
"14-889","Milk"
"14-890","Milk"
"15-021","Potatoes"
"15-022","Potatoes"
"15-040","Potatoes"
"15-107","Tomatoes"
"15-108","Tomatoes"
"15-125","Tomatoes"
"15-132","Tomatoes"
"15-199","Eggs"
"15-201","Eggs"
"15-208","Sunflower Oil"
"15-210","Sunflower Oil"
"15-214","Eggs"
"15-216","Eggs"
"15-218","Eggs"
"15-220","Eggs"
"15-255","Tomatoes"
"15-259","Potatoes"
"15-261","Eggs"
"15-279","Sunflower Oil"
"15-281","Sunflower Oil"
"15-294","Wheat & Rye (Bread)"
"15-345","Sunflower Oil"
"15-397","Potatoes"
"15-621","Onions & Leeks"
"15-637","Cheese"
"15-639","Cheese"
"15-654","Potatoes"
"15-657","Cheese"
"15-661","Rapeseed Oil"
"15-663","Cheese"
"15-665","Rapeseed Oil"
"15-666","Rapeseed Oil"
"15-667","Rapeseed Oil"
"15-668","Rapeseed Oil"
"15-669","Potatoes"
"15-670","Potatoes"
"15-673","Rapeseed Oil"
"15-674","Potatoes"
"15-675","Potatoes"
"15-676","Potatoes"
"15-677","Potatoes"
"15-679","Potatoes"
"15-688","Potatoes"
"15-689","Potatoes"
"15-690","Potatoes"
"15-691","Potatoes"
"15-692","Potatoes"
"15-693","Potatoes"
"15-695","Potatoes"
"15-697","Onions & Leeks"
"15-699","Rapeseed Oil"
"15-700","Cheese"
"15-701","Cheese"
"15-702","Cheese"
"15-703","Sunflower Oil"
"15-704","Rapeseed Oil"
"15-705","Apples"
"15-710","Cheese"
"15-711","Cheese"
"15-714","Potatoes"
"15-715","Milk"
"15-716","Milk"
"15-717","Milk"
"15-721","Rapeseed Oil"
"15-722","Rapeseed Oil"
"15-724","Rapeseed Oil"
"15-726","Eggs"
"15-739","Potatoes"
"15-741","Potatoes"
"15-745","Potatoes"
"15-746","Tomatoes"
"15-747","Tomatoes"
"15-749","Potatoes"
"15-750","Eggs"
"15-752","Eggs"
"15-753","Eggs"
"15-754","Eggs"
"15-758","Tomatoes"
"15-759","Tomatoes"
"15-760","Tomatoes"
"15-776","Potatoes"
"15-777","Tomatoes"
"15-781","Potatoes"
"15-782","Potatoes"
"15-783","Potatoes"
"15-787","Potatoes"
"15-788","Potatoes"
"15-795","Rapeseed Oil"
"15-796","Cheese"
"15-797","Cheese"
"15-798","Cheese"
"15-799","Cheese"
"15-800","Tomatoes"
"15-801","Tomatoes"
"15-806","Potatoes"
"15-813","Cheese"
"15-814","Cheese"
"15-815","Cheese"
"15-816","Cheese"
"15-817","Potatoes"
"15-819","Eggs"
"15-824","Onions & Leeks"
"15-825","Onions & Leeks"
"15-828","Onions & Leeks"
"15-829","Potatoes"
"15-830","Potatoes"
"15-831","Potatoes"
"15-843","Tomatoes"
"15-844","Eggs"
"15-845","Eggs"
"15-849","Potatoes"
"15-850","Potatoes"
"15-852","Cheese"
"15-865","Sunflower Oil"
"15-867","Sunflower Oil"
"15-870","Onions & Leeks"
"15-872","Wheat & Rye (Bread)"
"15-873","Potatoes"
"15-874","Potatoes"
"15-876","Tomatoes"
"15-879","Onions & Leeks"
"15-880","Onions & Leeks"
"15-881","Tomatoes"
"15-882","Tomatoes"
"15-884","Potatoes"
"16-010","Fish (farmed)"
"16-015","Milk"
"16-016","Milk"
"16-043","Fish (farmed)"
"16-052","Fish (farmed)"
"16-053","Fish (farmed)"
"16-055","Fish (farmed)"
"16-057","Wheat & Rye (Bread)"
"16-058","Wheat & Rye (Bread)"
"16-059","Wheat & Rye (Bread)"
"16-060","Wheat & Rye (Bread)"
"16-061","Wheat & Rye (Bread)"
"16-062","Fish (farmed)"
"16-063","Fish (farmed)"
"16-064","Fish (farmed)"
"16-101","Fish (farmed)"
"16-129","Sunflower Oil"
"16-130","Sunflower Oil"
"16-133","Fish (farmed)"
"16-134","Fish (farmed)"
"16-135","Fish (farmed)"
"16-136","Fish (farmed)"
"16-137","Fish (farmed)"
"16-138","Fish (farmed)"
"16-139","Fish (farmed)"
"16-140","Fish (farmed)"
"16-141","Fish (farmed)"
"16-158","Fish (farmed)"
"16-166","Sunflower Oil"
"16-167","Sunflower Oil"
"16-231","Wheat & Rye (Bread)"
"16-279","Fish (farmed)"
"16-299","Fish (farmed)"
"16-301","Fish (farmed)"
"16-356","Fish (farmed)"
"16-357","Fish (farmed)"
"16-358","Fish (farmed)"
"16-359","Fish (farmed)"
"16-360","Fish (farmed)"
"16-361","Fish (farmed)"
"16-362","Fish (farmed)"
"16-364","Fish (farmed)"
"16-368","Fish (farmed)"
"16-369","Fish (farmed)"
"16-370","Fish (farmed)"
"16-371","Fish (farmed)"
"16-372","Fish (farmed)"
"16-373","Fish (farmed)"
"16-374","Fish (farmed)"
"16-375","Fish (farmed)"
"16-376","Fish (farmed)"
"16-377","Fish (farmed)"
"16-399","Fish (farmed)"
"16-400","Fish (farmed)"
"16-402","Fish (farmed)"
"16-405","Fish (farmed)"
"16-406","Fish (farmed)"
"16-407","Fish (farmed)"
"16-408","Fish (farmed)"
"16-410","Fish (farmed)"
"16-412","Fish (farmed)"
"16-413","Fish (farmed)"
"16-416","Fish (farmed)"
"16-417","Fish (farmed)"
"16-418","Fish (farmed)"
"16-419","Fish (farmed)"
"16-420","Fish (farmed)"
"16-422","Tomatoes"
"16-426","Fish (farmed)"
"16-427","Fish (farmed)"
"16-428","Fish (farmed)"
"16-439","Sunflower Oil"
"16-440","Olive Oil"
"16-442","Rapeseed Oil"
"16-443","Sunflower Oil"
"16-444","Fish (farmed)"
"16-445","Fish (farmed)"
"16-446","Fish (farmed)"
"16-450","Fish (farmed)"
"16-451","Fish (farmed)"
"16-453","Fish (farmed)"
"16-455","Fish (farmed)"
"16-458","Fish (farmed)"
"16-459","Fish (farmed)"
"16-460","Fish (farmed)"
"16-462","Fish (farmed)"
"16-465","Fish (farmed)"
"16-466","Fish (farmed)"
"16-467","Fish (farmed)"
"16-468","Fish (farmed)"
"16-471","Fish (farmed)"
"16-472","Fish (farmed)"
"16-473","Fish (farmed)"
"16-474","Fish (farmed)"
"16-475","Fish (farmed)"
"16-483","Fish (farmed)"
"16-484","Fish (farmed)"
"16-485","Fish (farmed)"
"16-486","Fish (farmed)"
"16-487","Fish (farmed)"
"16-490","Fish (farmed)"
"16-491","Fish (farmed)"
"16-492","Fish (farmed)"
"16-493","Fish (farmed)"
"16-494","Fish (farmed)"
"16-495","Fish (farmed)"
"16-500","Sunflower Oil"
"17-038","Olive Oil"
"17-060","Cane Sugar"
"17-061","Cane Sugar"
"17-062","Cane Sugar"
"17-063","Cane Sugar"
"17-075","Cane Sugar"
"17-132","Pig Meat"
"17-156","Milk"
"17-157","Milk"
"17-160","Milk"
"17-161","Milk"
"17-168","Milk"
"17-169","Milk"
"17-345","Tomatoes"
"17-354","Tomatoes"
"17-487","Bovine Meat (beef herd)"
"17-488","Fish (farmed)"
"17-514","Bovine Meat (beef herd)"
"17-515","Bovine Meat (beef herd)"
"17-618","Wheat & Rye (Bread)"
"17-619","Wheat & Rye (Bread)"
"17-620","Wheat & Rye (Bread)"
"17-621","Wheat & Rye (Bread)"
"17-624","Cheese"
"17-625","Wheat & Rye (Bread)"
"17-630","Tomatoes"
"17-636","Tomatoes"
"17-642","Potatoes"
"17-643","Potatoes"
"17-644","Sunflower Oil"
"17-648","Milk"
"17-652","Tomatoes"
"17-661","Milk"
"17-664","Milk"
"17-665","Cheese"
"17-666","Cheese"
"17-667","Milk"
"17-671","Potatoes"
"17-673","Cane Sugar"
"17-674","Cane Sugar"
"17-678","Cane Sugar"
"17-681","Poultry Meat"
"17-693","Potatoes"
"17-695","Poultry Meat"
"17-696","Poultry Meat"
"17-697","Poultry Meat"
"17-708","Onions & Leeks"
"17-709","Tomatoes"
"17-714","Poultry Meat"
"17-715","Cheese"
"17-726","Poultry Meat"
"17-733","Milk"
"17-739","Cane Sugar"
"17-742","Cane Sugar"
"17-763","Eggs"
"17-771","Milk"
"17-772","Milk"
"17-773","Cheese"
"17-774","Poultry Meat"
"17-775","Cheese"
"17-778","Milk"
"17-779","Milk"
"17-780","Cheese"
"17-781","Cheese"
"17-784","Apples"
"17-785","Tomatoes"
"17-790","Milk"
"17-791","Milk"
"17-792","Milk"
"17-793","Eggs"
"17-794","Onions & Leeks"
"17-801","Milk"
"17-802","Milk"
"17-803","Milk"
"17-815","Milk"
"17-816","Milk"
"17-817","Milk"
"17-818","Milk"
"17-819","Milk"
"17-820","Milk"
"17-827","Pig Meat"
"17-829","Pig Meat"
"17-831","Potatoes"
"17-834","Tomatoes"
"17-841","Milk"
"17-842","Milk"
"17-843","Milk"
"17-846","Cane Sugar"
"17-850","Poultry Meat"
"17-851","Apples"
"18-002","Bovine Meat (beef herd)"
"18-003","Bovine Meat (beef herd)"
"18-004","Bovine Meat (beef herd)"
"18-005","Bovine Meat (beef herd)"
"18-006","Bovine Meat (beef herd)"
"18-007","Bovine Meat (beef herd)"
"18-008","Bovine Meat (beef herd)"
"18-009","Bovine Meat (beef herd)"
"18-010","Bovine Meat (beef herd)"
"18-011","Bovine Meat (beef herd)"
"18-012","Bovine Meat (beef herd)"
"18-013","Bovine Meat (beef herd)"
"18-014","Bovine Meat (beef herd)"
"18-015","Bovine Meat (beef herd)"
"18-016","Bovine Meat (beef herd)"
"18-017","Bovine Meat (beef herd)"
"18-018","Bovine Meat (beef herd)"
"18-019","Bovine Meat (beef herd)"
"18-020","Bovine Meat (beef herd)"
"18-021","Bovine Meat (beef herd)"
"18-022","Bovine Meat (beef herd)"
"18-023","Bovine Meat (beef herd)"
"18-024","Bovine Meat (beef herd)"
"18-025","Bovine Meat (beef herd)"
"18-026","Bovine Meat (beef herd)"
"18-027","Bovine Meat (beef herd)"
"18-028","Bovine Meat (beef herd)"
"18-029","Bovine Meat (beef herd)"
"18-030","Bovine Meat (beef herd)"
"18-031","Bovine Meat (beef herd)"
"18-032","Bovine Meat (beef herd)"
"18-033","Bovine Meat (beef herd)"
"18-034","Bovine Meat (beef herd)"
"18-035","Bovine Meat (beef herd)"
"18-037","Bovine Meat (beef herd)"
"18-039","Bovine Meat (beef herd)"
"18-042","Bovine Meat (beef herd)"
"18-043","Bovine Meat (beef herd)"
"18-045","Bovine Meat (beef herd)"
"18-046","Bovine Meat (beef herd)"
"18-050","Bovine Meat (beef herd)"
"18-051","Bovine Meat (beef herd)"
"18-052","Bovine Meat (beef herd)"
"18-053","Bovine Meat (beef herd)"
"18-054","Bovine Meat (beef herd)"
"18-055","Bovine Meat (beef herd)"
"18-056","Bovine Meat (beef herd)"
"18-057","Bovine Meat (beef herd)"
"18-058","Bovine Meat (beef herd)"
"18-059","Bovine Meat (beef herd)"
"18-060","Bovine Meat (beef herd)"
"18-061","Bovine Meat (beef herd)"
"18-062","Bovine Meat (beef herd)"
"18-063","Bovine Meat (beef herd)"
"18-064","Bovine Meat (beef herd)"
"18-065","Bovine Meat (beef herd)"
"18-066","Bovine Meat (beef herd)"
"18-067","Bovine Meat (beef herd)"
"18-068","Bovine Meat (beef herd)"
"18-069","Bovine Meat (beef herd)"
"18-070","Bovine Meat (beef herd)"
"18-071","Bovine Meat (beef herd)"
"18-072","Bovine Meat (beef herd)"
"18-073","Bovine Meat (beef herd)"
"18-074","Bovine Meat (beef herd)"
"18-075","Bovine Meat (beef herd)"
"18-076","Bovine Meat (beef herd)"
"18-077","Bovine Meat (beef herd)"
"18-078","Bovine Meat (beef herd)"
"18-079","Bovine Meat (beef herd)"
"18-080","Bovine Meat (beef herd)"
"18-081","Bovine Meat (beef herd)"
"18-082","Bovine Meat (beef herd)"
"18-083","Bovine Meat (beef herd)"
"18-084","Bovine Meat (beef herd)"
"18-085","Bovine Meat (beef herd)"
"18-086","Bovine Meat (beef herd)"
"18-087","Bovine Meat (beef herd)"
"18-088","Bovine Meat (beef herd)"
"18-089","Bovine Meat (beef herd)"
"18-090","Bovine Meat (beef herd)"
"18-091","Bovine Meat (beef herd)"
"18-097","Lamb & Mutton"
"18-098","Lamb & Mutton"
"18-099","Lamb & Mutton"
"18-100","Lamb & Mutton"
"18-101","Lamb & Mutton"
"18-102","Lamb & Mutton"
"18-103","Lamb & Mutton"
"18-104","Lamb & Mutton"
"18-105","Lamb & Mutton"
"18-106","Lamb & Mutton"
"18-107","Lamb & Mutton"
"18-108","Lamb & Mutton"
"18-109","Lamb & Mutton"
"18-110","Lamb & Mutton"
"18-111","Lamb & Mutton"
"18-112","Lamb & Mutton"
"18-113","Lamb & Mutton"
"18-114","Lamb & Mutton"
"18-115","Lamb & Mutton"
"18-116","Lamb & Mutton"
"18-117","Lamb & Mutton"
"18-118","Lamb & Mutton"
"18-119","Lamb & Mutton"
"18-120","Lamb & Mutton"
"18-121","Lamb & Mutton"
"18-122","Lamb & Mutton"
"18-124","Lamb & Mutton"
"18-125","Lamb & Mutton"
"18-126","Lamb & Mutton"
"18-127","Lamb & Mutton"
"18-128","Lamb & Mutton"
"18-129","Lamb & Mutton"
"18-130","Lamb & Mutton"
"18-131","Lamb & Mutton"
"18-132","Lamb & Mutton"
"18-133","Lamb & Mutton"
"18-134","Lamb & Mutton"
"18-137","Lamb & Mutton"
"18-138","Lamb & Mutton"
"18-141","Lamb & Mutton"
"18-142","Lamb & Mutton"
"18-145","Lamb & Mutton"
"18-146","Lamb & Mutton"
"18-147","Lamb & Mutton"
"18-148","Lamb & Mutton"
"18-149","Lamb & Mutton"
"18-150","Lamb & Mutton"
"18-151","Lamb & Mutton"
"18-152","Lamb & Mutton"
"18-153","Lamb & Mutton"
"18-154","Lamb & Mutton"
"18-155","Lamb & Mutton"
"18-156","Lamb & Mutton"
"18-157","Lamb & Mutton"
"18-159","Lamb & Mutton"
"18-160","Lamb & Mutton"
"18-161","Lamb & Mutton"
"18-162","Lamb & Mutton"
"18-163","Lamb & Mutton"
"18-164","Lamb & Mutton"
"18-165","Lamb & Mutton"
"18-166","Lamb & Mutton"
"18-167","Lamb & Mutton"
"18-168","Lamb & Mutton"
"18-169","Lamb & Mutton"
"18-170","Lamb & Mutton"
"18-171","Lamb & Mutton"
"18-172","Lamb & Mutton"
"18-173","Lamb & Mutton"
"18-174","Lamb & Mutton"
"18-175","Lamb & Mutton"
"18-176","Lamb & Mutton"
"18-177","Lamb & Mutton"
"18-178","Lamb & Mutton"
"18-179","Lamb & Mutton"
"18-180","Lamb & Mutton"
"18-181","Lamb & Mutton"
"18-182","Lamb & Mutton"
"18-183","Lamb & Mutton"
"18-184","Lamb & Mutton"
"18-185","Lamb & Mutton"
"18-186","Lamb & Mutton"
"18-187","Lamb & Mutton"
"18-188","Lamb & Mutton"
"18-189","Lamb & Mutton"
"18-190","Lamb & Mutton"
"18-191","Lamb & Mutton"
"18-192","Lamb & Mutton"
"18-193","Lamb & Mutton"
"18-194","Lamb & Mutton"
"18-195","Lamb & Mutton"
"18-196","Lamb & Mutton"
"18-197","Lamb & Mutton"
"18-198","Lamb & Mutton"
"18-199","Lamb & Mutton"
"18-200","Lamb & Mutton"
"18-216","Pig Meat"
"18-289","Poultry Meat"
"18-290","Poultry Meat"
"18-292","Poultry Meat"
"18-293","Poultry Meat"
"18-294","Poultry Meat"
"18-295","Poultry Meat"
"18-296","Poultry Meat"
"18-297","Poultry Meat"
"18-298","Poultry Meat"
"18-299","Poultry Meat"
"18-300","Poultry Meat"
"18-301","Poultry Meat"
"18-302","Poultry Meat"
"18-303","Poultry Meat"
"18-304","Poultry Meat"
"18-307","Poultry Meat"
"18-308","Poultry Meat"
"18-309","Poultry Meat"
"18-310","Poultry Meat"
"18-311","Poultry Meat"
"18-312","Poultry Meat"
"18-313","Poultry Meat"
"18-314","Poultry Meat"
"18-315","Poultry Meat"
"18-316","Poultry Meat"
"18-317","Poultry Meat"
"18-318","Poultry Meat"
"18-319","Poultry Meat"
"18-320","Poultry Meat"
"18-321","Poultry Meat"
"18-322","Poultry Meat"
"18-323","Poultry Meat"
"18-324","Poultry Meat"
"18-325","Poultry Meat"
"18-326","Poultry Meat"
"18-327","Poultry Meat"
"18-328","Poultry Meat"
"18-329","Poultry Meat"
"18-330","Poultry Meat"
"18-331","Poultry Meat"
"18-332","Poultry Meat"
"18-333","Poultry Meat"
"18-334","Poultry Meat"
"18-335","Poultry Meat"
"18-336","Poultry Meat"
"18-337","Poultry Meat"
"18-338","Poultry Meat"
"18-339","Poultry Meat"
"18-340","Poultry Meat"
"18-341","Poultry Meat"
"18-342","Poultry Meat"
"18-343","Poultry Meat"
"18-344","Poultry Meat"
"18-345","Poultry Meat"
"18-346","Poultry Meat"
"18-347","Poultry Meat"
"18-348","Poultry Meat"
"18-349","Poultry Meat"
"18-350","Poultry Meat"
"18-351","Poultry Meat"
"18-352","Poultry Meat"
"18-353","Poultry Meat"
"18-354","Poultry Meat"
"18-355","Poultry Meat"
"18-356","Poultry Meat"
"18-357","Poultry Meat"
"18-358","Poultry Meat"
"18-359","Poultry Meat"
"18-360","Poultry Meat"
"18-361","Poultry Meat"
"18-362","Poultry Meat"
"18-363","Poultry Meat"
"18-364","Poultry Meat"
"18-365","Poultry Meat"
"18-366","Poultry Meat"
"18-367","Poultry Meat"
"18-368","Poultry Meat"
"18-392","Lamb & Mutton"
"18-393","Poultry Meat"
"18-394","Poultry Meat"
"18-395","Poultry Meat"
"18-396","Lamb & Mutton"
"18-402","Lamb & Mutton"
"18-411","Poultry Meat"
"18-412","Poultry Meat"
"18-413","Lamb & Mutton"
"18-421","Lamb & Mutton"
"18-422","Lamb & Mutton"
"18-423","Lamb & Mutton"
"18-429","Pig Meat"
"18-468","Bovine Meat (beef herd)"
"18-469","Bovine Meat (beef herd)"
"18-470","Bovine Meat (beef herd)"
"18-471","Bovine Meat (beef herd)"
"18-472","Bovine Meat (beef herd)"
"18-473","Bovine Meat (beef herd)"
"18-474","Bovine Meat (beef herd)"
"18-475","Lamb & Mutton"
"18-476","Lamb & Mutton"
"18-477","Lamb & Mutton"
"18-478","Lamb & Mutton"
"18-479","Lamb & Mutton"
"18-480","Lamb & Mutton"
"18-481","Lamb & Mutton"
"18-488","Poultry Meat"
"18-492","Lamb & Mutton"
"18-493","Lamb & Mutton"
"18-494","Lamb & Mutton"
"18-496","Lamb & Mutton"
"18-497","Lamb & Mutton"
"18-499","Pig Meat"
"18-500","Poultry Meat"
"18-501","Poultry Meat"
"18-502","Poultry Meat"
"18-503","Poultry Meat"
"18-504","Poultry Meat"
"18-505","Bovine Meat (beef herd)"
"18-506","Bovine Meat (beef herd)"
"18-507","Bovine Meat (beef herd)"
"18-508","Bovine Meat (beef herd)"
"18-510","Pig Meat"
"18-511","Pig Meat"
"18-512","Pig Meat"
"18-513","Pig Meat"
"18-514","Pig Meat"
"18-515","Pig Meat"
"18-516","Pig Meat"
"18-517","Pig Meat"
"18-518","Pig Meat"
"18-519","Pig Meat"
"18-520","Pig Meat"
"18-521","Pig Meat"
"18-522","Pig Meat"
"18-523","Pig Meat"
"18-524","Pig Meat"
"18-525","Pig Meat"
"18-526","Pig Meat"
"18-527","Pig Meat"
"18-528","Pig Meat"
"18-529","Pig Meat"
"18-530","Pig Meat"
"18-531","Pig Meat"
"18-532","Pig Meat"
"18-533","Pig Meat"
"18-534","Pig Meat"
"18-535","Pig Meat"
"18-536","Pig Meat"
"18-537","Pig Meat"
"18-538","Pig Meat"
"18-539","Pig Meat"
"18-540","Pig Meat"
"18-541","Pig Meat"
"18-542","Pig Meat"
"18-543","Pig Meat"
"18-544","Pig Meat"
"18-545","Pig Meat"
"18-546","Pig Meat"
"18-547","Pig Meat"
"18-548","Pig Meat"
"18-549","Pig Meat"
"18-550","Pig Meat"
"18-551","Pig Meat"
"18-552","Pig Meat"
"18-553","Pig Meat"
"18-554","Pig Meat"
"18-555","Pig Meat"
"18-556","Pig Meat"
"18-557","Pig Meat"
"18-558","Pig Meat"
"18-559","Pig Meat"
"18-600","Pig Meat"
"18-601","Pig Meat"
"18-602","Pig Meat"
"18-603","Pig Meat"
"18-604","Pig Meat"
"18-605","Pig Meat"
"18-606","Pig Meat"
"18-607","Pig Meat"
"18-608","Pig Meat"
"18-609","Pig Meat"
"18-610","Pig Meat"
"18-611","Pig Meat"
"18-612","Pig Meat"
"18-613","Pig Meat"
"19-009","Pig Meat"
"19-016","Pig Meat"
"19-018","Pig Meat"
"19-020","Pig Meat"
"19-021","Pig Meat"
"19-128","Bovine Meat (beef herd)"
"19-264","Pig Meat"
"19-265","Pig Meat"
"19-296","Poultry Meat"
"19-304","Pig Meat"
"19-315","Poultry Meat"
"19-321","Poultry Meat"
"19-322","Poultry Meat"
"19-323","Poultry Meat"
"19-324","Poultry Meat"
"19-449","Poultry Meat"
"19-454","Poultry Meat"
"19-460","Bovine Meat (beef herd)"
"19-464","Poultry Meat"
"19-465","Poultry Meat"
"19-467","Pig Meat"
"19-468","Wheat & Rye (Bread)"
"19-469","Poultry Meat"
"19-470","Bovine Meat (beef herd)"
"19-471","Bovine Meat (beef herd)"
"19-472","Bovine Meat (beef herd)"
"19-473","Bovine Meat (beef herd)"
"19-475","Bovine Meat (beef herd)"
"19-477","Poultry Meat"
"19-480","Lamb & Mutton"
"19-482","Bovine Meat (beef herd)"
"19-483","Wheat & Rye (Bread)"
"19-485","Pig Meat"
"19-487","Cheese"
"19-488","Bovine Meat (beef herd)"
"19-489","Bovine Meat (beef herd)"
"19-490","Bovine Meat (beef herd)"
"19-491","Bovine Meat (beef herd)"
"19-492","Bovine Meat (beef herd)"
"19-496","Pig Meat"
"19-497","Pig Meat"
"19-498","Pig Meat"
"19-499","Pig Meat"
"19-500","Pig Meat"
"19-501","Pig Meat"
"19-502","Pig Meat"
"19-503","Pig Meat"
"19-504","Pig Meat"
"19-505","Pig Meat"
"19-509","Pig Meat"
"19-510","Pig Meat"
"19-511","Pig Meat"
"19-512","Pig Meat"
"19-515","Poultry Meat"
"19-518","Eggs"
"19-519","Bovine Meat (beef herd)"
"19-520","Poultry Meat"
"19-521","Poultry Meat"
"19-522","Bovine Meat (beef herd)"
"19-525","Wheat & Rye (Bread)"
"19-526","Wheat & Rye (Bread)"
"19-528","Poultry Meat"
"19-529","Bovine Meat (beef herd)"
"19-530","Bovine Meat (beef herd)"
"19-534","Poultry Meat"
"19-535","Lamb & Mutton"
"19-536","Pig Meat"
"19-537","Pig Meat"
"19-538","Poultry Meat"
"19-540","Poultry Meat"
"19-541","Poultry Meat"
"19-543","Poultry Meat"
"19-546","Bovine Meat (beef herd)"
"19-547","Bovine Meat (beef herd)"
"19-548","Bovine Meat (beef herd)"
"19-549","Bovine Meat (beef herd)"
"19-550","Bovine Meat (beef herd)"
"19-551","Bovine Meat (beef herd)"
"19-552","Bovine Meat (beef herd)"
"19-553","Bovine Meat (beef herd)"
"19-554","Bovine Meat (beef herd)"
"19-555","Bovine Meat (beef herd)"
"19-556","Bovine Meat (beef herd)"
"19-558","Bovine Meat (beef herd)"
"19-559","Poultry Meat"
"19-560","Poultry Meat"
"19-561","Poultry Meat"
"19-562","Poultry Meat"
"19-563","Poultry Meat"
"19-564","Poultry Meat"
"19-565","Poultry Meat"
"19-566","Poultry Meat"
"19-567","Poultry Meat"
"19-568","Poultry Meat"
"19-569","Poultry Meat"
"19-570","Poultry Meat"
"19-572","Bovine Meat (beef herd)"
"19-574","Poultry Meat"
"19-585","Lamb & Mutton"
"19-586","Bovine Meat (beef herd)"
"19-587","Bovine Meat (beef herd)"
"19-588","Bovine Meat (beef herd)"
"19-589","Bovine Meat (beef herd)"
"19-590","Bovine Meat (beef herd)"
"19-591","Lamb & Mutton"
"19-592","Lamb & Mutton"
"19-593","Lamb & Mutton"
"19-594","Lamb & Mutton"
"19-595","Lamb & Mutton"
"19-596","Lamb & Mutton"
"19-597","Lamb & Mutton"
"19-598","Lamb & Mutton"
"19-599","Lamb & Mutton"
"19-600","Lamb & Mutton"
"19-602","Poultry Meat"
"19-603","Pig Meat"
"19-606","Bovine Meat (beef herd)"
"19-607","Bovine Meat (beef herd)"
"19-608","Lamb & Mutton"
"19-611","Pig Meat"
"19-612","Pig Meat"
"19-613","Bovine Meat (beef herd)"
"19-614","Pig Meat"
"19-615","Pig Meat"
"19-631","Lamb & Mutton"
"19-632","Bovine Meat (beef herd)"
"19-636","Milk"
"19-638","Poultry Meat"
"19-639","Poultry Meat"
"19-640","Poultry Meat"
"19-642","Bovine Meat (beef herd)"
"19-644","Pig Meat"
"19-645","Pig Meat"
"19-646","Pig Meat"
"19-647","Pig Meat"
"19-648","Pig Meat"
"19-649","Pig Meat"
"19-650","Pig Meat"
"19-651","Bovine Meat (beef herd)"
"19-652","Poultry Meat"
"19-653","Bovine Meat (beef herd)"
"19-654","Pig Meat"
"19-655","Pig Meat"
"19-656","Bovine Meat (beef herd)"
"19-658","Pig Meat"
"19-659","Pig Meat"
"19-660","Pig Meat"
"19-662","Pig Meat"
"19-663","Poultry Meat"
"19-664","Bovine Meat (beef herd)"
"19-665","Pig Meat"
"19-666","Pig Meat"
"19-667","Pig Meat"
"19-668","Pig Meat"
"19-669","Pig Meat"
"19-670","Pig Meat"
"19-671","Pig Meat"
"19-672","Pig Meat"
"19-673","Pig Meat"
"50-1173","Tomatoes"
"50-502","Milk"
"50-681","Potatoes"
"50-683","Potatoes"
"50-684","Potatoes"
"50-686","Potatoes"
